date,open,high,low,close,volume
2023-09-14 00:00:00-04:00,56.099998474121094,66.27999877929688,55.540000915527344,63.59000015258789,130534500
2023-09-15 00:00:00-04:00,68.62999725341797,69.0,60.75,60.75,74753100
2023-09-18 00:00:00-04:00,57.95000076293945,58.74100112915039,55.02000045776367,58.0,34571900
2023-09-19 00:00:00-04:00,56.25,56.779998779296875,53.880001068115234,55.16999816894531,18308600
2023-09-20 00:00:00-04:00,55.16999816894531,55.400001525878906,51.52000045776367,52.90999984741211,16369500
2023-09-21 00:00:00-04:00,51.779998779296875,52.79999923706055,49.849998474121094,52.15999984741211,15010900
2023-09-22 00:00:00-04:00,52.900001525878906,52.900001525878906,50.35499954223633,51.31999969482422,8430200
2023-09-25 00:00:00-04:00,51.119998931884766,54.5,50.02000045776367,54.439998626708984,12896500
2023-09-26 00:00:00-04:00,53.93000030517578,54.529998779296875,52.70000076293945,53.52000045776367,6283500
2023-09-27 00:00:00-04:00,54.400001525878906,54.40999984741211,51.78900146484375,52.9900016784668,6866700
2023-09-28 00:00:00-04:00,53.5,56.5,52.86000061035156,55.4900016784668,8765800
2023-09-29 00:00:00-04:00,56.209999084472656,56.790000915527344,53.08000183105469,53.52000045776367,7810000
2023-10-02 00:00:00-04:00,53.474998474121094,54.189998626708984,51.90999984741211,52.2599983215332,8857100
2023-10-03 00:00:00-04:00,51.959999084472656,52.23500061035156,50.79999923706055,51.56999969482422,4687700
2023-10-04 00:00:00-04:00,51.970001220703125,53.810001373291016,51.310001373291016,53.459999084472656,6206500
2023-10-05 00:00:00-04:00,53.900001525878906,53.900001525878906,52.09000015258789,52.5099983215332,2984400
2023-10-06 00:00:00-04:00,52.720001220703125,54.209999084472656,51.54999923706055,54.08000183105469,4009200
2023-10-09 00:00:00-04:00,54.31999969482422,55.79999923706055,53.369998931884766,54.25,7197700
2023-10-10 00:00:00-04:00,55.2400016784668,55.86000061035156,54.20000076293945,55.709999084472656,5138100
2023-10-11 00:00:00-04:00,56.16999816894531,56.33000183105469,54.380001068115234,54.68000030517578,4454700
2023-10-12 00:00:00-04:00,54.75,54.75,51.40999984741211,51.849998474121094,7323100
2023-10-13 00:00:00-04:00,52.5,52.560001373291016,50.0,50.779998779296875,6454600
2023-10-16 00:00:00-04:00,51.040000915527344,52.349998474121094,51.040000915527344,52.09000015258789,3316800
2023-10-17 00:00:00-04:00,51.0,52.7599983215332,50.650001525878906,52.290000915527344,2549700
2023-10-18 00:00:00-04:00,52.279998779296875,52.70000076293945,51.275001525878906,51.900001525878906,2268900
2023-10-19 00:00:00-04:00,52.0,52.70000076293945,49.529998779296875,49.7400016784668,4553400
2023-10-20 00:00:00-04:00,49.7400016784668,49.7400016784668,46.5,47.869998931884766,8089100
2023-10-23 00:00:00-04:00,47.220001220703125,51.880001068115234,46.5,50.209999084472656,9979300
2023-10-24 00:00:00-04:00,52.0,52.891998291015625,51.04999923706055,52.369998931884766,7211700
2023-10-25 00:00:00-04:00,52.70000076293945,52.790000915527344,49.310001373291016,49.439998626708984,4518800
2023-10-26 00:00:00-04:00,50.060001373291016,51.11000061035156,49.5,50.16999816894531,3555300
2023-10-27 00:00:00-04:00,51.2599983215332,51.33000183105469,48.810001373291016,49.09000015258789,2611300
2023-10-30 00:00:00-04:00,49.5099983215332,49.900001525878906,47.279998779296875,47.900001525878906,3677700
2023-10-31 00:00:00-04:00,47.900001525878906,49.65999984741211,47.119998931884766,49.290000915527344,3248700
2023-11-01 00:00:00-04:00,49.61000061035156,50.52000045776367,48.29999923706055,50.52000045776367,3066400
2023-11-02 00:00:00-04:00,51.400001525878906,53.560001373291016,51.29999923706055,52.81999969482422,4752700
2023-11-03 00:00:00-04:00,52.81999969482422,53.86000061035156,52.25,53.4900016784668,2545000
2023-11-06 00:00:00-05:00,53.97999954223633,54.459999084472656,52.52000045776367,53.099998474121094,2328300
2023-11-07 00:00:00-05:00,53.45000076293945,56.099998474121094,53.2599983215332,55.27000045776367,4534200
2023-11-08 00:00:00-05:00,55.27000045776367,55.560001373291016,53.38999938964844,54.400001525878906,6128200
2023-11-09 00:00:00-05:00,51.0,52.04999923706055,49.81999969482422,51.58000183105469,15354500
2023-11-10 00:00:00-05:00,52.0,52.5,51.0099983215332,52.27000045776367,5796700
2023-11-13 00:00:00-05:00,52.20000076293945,52.5,50.56999969482422,51.689998626708984,4525000
2023-11-14 00:00:00-05:00,53.0,53.5,52.279998779296875,53.43000030517578,3541300
2023-11-15 00:00:00-05:00,54.400001525878906,56.029998779296875,54.08000183105469,55.43000030517578,5821800
2023-11-16 00:00:00-05:00,55.5099983215332,55.68000030517578,53.470001220703125,54.22999954223633,3291400
2023-11-17 00:00:00-05:00,55.11000061035156,55.7400016784668,54.2599983215332,54.9900016784668,3441900
2023-11-20 00:00:00-05:00,55.349998474121094,59.2400016784668,55.27000045776367,58.68000030517578,7791000
2023-11-21 00:00:00-05:00,58.0,58.900001525878906,56.43000030517578,58.65999984741211,5615400
2023-11-22 00:00:00-05:00,59.0,64.91999816894531,59.0,61.7599983215332,15090000
2023-11-24 00:00:00-05:00,61.5,64.19999694824219,61.40999984741211,63.880001068115234,6004900
2023-11-27 00:00:00-05:00,63.04999923706055,63.689998626708984,60.9900016784668,61.0,6681900
2023-11-28 00:00:00-05:00,60.84000015258789,62.68000030517578,60.790000915527344,61.91999816894531,4106900
2023-11-29 00:00:00-05:00,62.52000045776367,63.40999984741211,61.689998626708984,62.209999084472656,3642400
2023-11-30 00:00:00-05:00,62.58000183105469,63.5,60.90999984741211,61.5,4833300
2023-12-01 00:00:00-05:00,61.5099983215332,64.43000030517578,60.90999984741211,63.900001525878906,5446200
2023-12-04 00:00:00-05:00,63.900001525878906,63.900001525878906,60.79999923706055,61.93000030517578,5012200
2023-12-05 00:00:00-05:00,61.72999954223633,64.3489990234375,60.369998931884766,63.59000015258789,6666900
2023-12-06 00:00:00-05:00,64.3499984741211,64.69000244140625,60.88999938964844,61.060001373291016,5434400
2023-12-07 00:00:00-05:00,61.52000045776367,62.970001220703125,61.20000076293945,62.439998626708984,3139100
2023-12-08 00:00:00-05:00,62.439998626708984,67.44000244140625,62.23500061035156,67.2300033569336,18815900
2023-12-11 00:00:00-05:00,67.26000213623047,67.26000213623047,64.29000091552734,64.88999938964844,7625500
2023-12-12 00:00:00-05:00,65.0,66.25,63.279998779296875,64.70999908447266,5711700
2023-12-13 00:00:00-05:00,65.41000366210938,66.5,62.75,65.61000061035156,7024000
2023-12-14 00:00:00-05:00,66.5199966430664,71.79000091552734,66.37000274658203,70.73500061035156,11835000
2023-12-15 00:00:00-05:00,70.5,71.88999938964844,69.29000091552734,71.02999877929688,7058400
2023-12-18 00:00:00-05:00,69.95999908447266,70.09200286865234,68.0199966430664,68.87000274658203,4744800
2023-12-19 00:00:00-05:00,69.2300033569336,70.55000305175781,68.80999755859375,69.43000030517578,3899300
2023-12-20 00:00:00-05:00,69.5,72.98999786376953,68.37999725341797,68.4000015258789,8177600
2023-12-21 00:00:00-05:00,70.0,71.94999694824219,69.30000305175781,71.19999694824219,5407600
2023-12-22 00:00:00-05:00,72.0,73.43900299072266,71.4800033569336,72.29000091552734,5763900
2023-12-26 00:00:00-05:00,73.2699966430664,74.0,71.76000213623047,73.41000366210938,4046600
2023-12-27 00:00:00-05:00,74.5,74.76000213623047,73.41000366210938,74.25,3802000
2023-12-28 00:00:00-05:00,74.79000091552734,78.3499984741211,74.5,77.47000122070312,9176900
2023-12-29 00:00:00-05:00,78.36000061035156,78.66000366210938,74.5999984741211,75.1449966430664,11178300
2024-01-02 00:00:00-05:00,73.5,73.5199966430664,68.24299621582031,68.91999816894531,9771000
2024-01-03 00:00:00-05:00,67.06999969482422,68.5,65.11000061035156,67.91000366210938,7858200
2024-01-04 00:00:00-05:00,68.98999786376953,69.5999984741211,67.13999938964844,68.38999938964844,5757600
2024-01-05 00:00:00-05:00,69.12000274658203,70.38999938964844,66.5199966430664,67.05000305175781,7356600
2024-01-08 00:00:00-05:00,67.76000213623047,73.18499755859375,67.5199966430664,72.83999633789062,9303500
2024-01-09 00:00:00-05:00,72.80000305175781,72.9800033569336,70.91000366210938,71.87999725341797,5982000
2024-01-10 00:00:00-05:00,73.0,74.37999725341797,69.86000061035156,70.7699966430664,7450600
2024-01-11 00:00:00-05:00,71.66999816894531,71.87200164794922,68.19000244140625,69.7699966430664,6396100
2024-01-12 00:00:00-05:00,70.8499984741211,70.91000366210938,69.01000213623047,70.0,4026000
2024-01-16 00:00:00-05:00,70.0,70.0,67.55000305175781,68.4800033569336,7090300
2024-01-17 00:00:00-05:00,68.0,69.95999908447266,66.66000366210938,69.86000061035156,7209100
2024-01-18 00:00:00-05:00,72.0,74.80000305175781,71.41000366210938,74.2300033569336,11287500
2024-01-19 00:00:00-05:00,75.06999969482422,78.96700286865234,74.43000030517578,78.58000183105469,9956500
2024-01-22 00:00:00-05:00,78.58000183105469,79.94000244140625,76.5,77.11000061035156,7697400
2024-01-23 00:00:00-05:00,77.0,77.58999633789062,75.45999908447266,76.3499984741211,4052500
2024-01-24 00:00:00-05:00,77.19999694824219,77.66999816894531,74.80000305175781,75.73999786376953,6972200
2024-01-25 00:00:00-05:00,76.48999786376953,79.6500015258789,73.26000213623047,73.91000366210938,8817100
2024-01-26 00:00:00-05:00,73.13999938964844,73.88999938964844,70.80000305175781,71.16999816894531,7077100
2024-01-29 00:00:00-05:00,72.0,72.94999694824219,71.19999694824219,72.93000030517578,4318100
2024-01-30 00:00:00-05:00,73.49800109863281,74.1500015258789,70.8499984741211,71.97000122070312,4056600
2024-01-31 00:00:00-05:00,70.66000366210938,72.54000091552734,69.62000274658203,70.66999816894531,5087300
2024-02-01 00:00:00-05:00,71.87000274658203,72.55000305175781,69.31999969482422,70.5199966430664,3476100
2024-02-02 00:00:00-05:00,71.0999984741211,71.94999694824219,70.0,71.0,4298900
2024-02-05 00:00:00-05:00,71.98999786376953,74.27999877929688,71.5999984741211,73.2699966430664,7258100
2024-02-06 00:00:00-05:00,75.0,75.44999694824219,71.80000305175781,72.9800033569336,6899500
2024-02-07 00:00:00-05:00,73.06999969482422,77.70999908447266,72.25,77.01000213623047,22802800
2024-02-08 00:00:00-05:00,94.41000366210938,126.58499908447266,94.0,113.88999938964844,106505700
2024-02-09 00:00:00-05:00,105.98999786376953,117.81999969482422,102.08999633789062,115.20999908447266,48096500
2024-02-12 00:00:00-05:00,120.16000366210938,164.0,118.69000244140625,148.97000122070312,111349700
2024-02-13 00:00:00-05:00,128.1199951171875,137.5,117.0,119.9800033569336,68563900
2024-02-14 00:00:00-05:00,133.80999755859375,134.83999633789062,121.0199966430664,126.4000015258789,42519600
2024-02-15 00:00:00-05:00,131.0,135.0,123.51000213623047,133.67999267578125,34996600
2024-02-16 00:00:00-05:00,129.5,135.97999572753906,123.05000305175781,128.33999633789062,26122300
2024-02-20 00:00:00-05:00,123.77999877929688,123.80000305175781,115.48999786376953,121.7699966430664,21117300
2024-02-21 00:00:00-05:00,117.76000213623047,125.5,116.80999755859375,123.38999938964844,22082700
2024-02-22 00:00:00-05:00,132.8699951171875,138.5,128.50999450683594,128.52999877929688,29492400
2024-02-23 00:00:00-05:00,129.09500122070312,136.0,128.86000061035156,133.33999633789062,20317000
2024-02-26 00:00:00-05:00,139.0,149.9199981689453,138.1750030517578,146.1999969482422,26547900
2024-02-27 00:00:00-05:00,144.90499877929688,147.3300018310547,137.0,137.9499969482422,17481300
2024-02-28 00:00:00-05:00,136.14999389648438,136.2899932861328,131.30999755859375,133.86000061035156,9682600
2024-02-29 00:00:00-05:00,136.27999877929688,141.22000122070312,135.4499969482422,141.0399932861328,10300000
2024-03-01 00:00:00-05:00,141.47999572753906,144.97999572753906,139.0399932861328,141.6199951171875,9856900
2024-03-04 00:00:00-05:00,145.38999938964844,148.47999572753906,137.75,138.00999450683594,14295000
2024-03-05 00:00:00-05:00,135.5,136.3699951171875,130.0,134.07000732421875,9116000
2024-03-06 00:00:00-05:00,138.08999633789062,139.33700561523438,133.26300048828125,136.99000549316406,9063300
2024-03-07 00:00:00-05:00,140.0,146.5399932861328,138.80999755859375,140.85000610351562,14306200
2024-03-08 00:00:00-05:00,139.69000244140625,142.89999389648438,131.1999969482422,131.47999572753906,14132500
2024-03-11 00:00:00-04:00,126.5999984741211,130.74200439453125,124.12000274658203,126.73999786376953,10174800
2024-03-12 00:00:00-04:00,125.0,129.99000549316406,121.37999725341797,129.5,18220600
2024-03-13 00:00:00-04:00,129.0,132.6999969482422,125.80000305175781,131.27000427246094,9097600
2024-03-14 00:00:00-04:00,130.1300048828125,136.2899932861328,127.58999633789062,130.9600067138672,10070900
2024-03-15 00:00:00-04:00,128.7100067138672,134.1999969482422,126.12000274658203,126.97000122070312,8880500
2024-03-18 00:00:00-04:00,128.1699981689453,132.8000030517578,127.7300033569336,129.75,6216300
2024-03-19 00:00:00-04:00,125.5,127.0999984741211,121.5199966430664,124.58999633789062,8135400
2024-03-20 00:00:00-04:00,126.52999877929688,131.97999572753906,125.2300033569336,131.3300018310547,6861500
2024-03-21 00:00:00-04:00,134.6999969482422,137.0,132.01400756835938,133.60000610351562,7568800
2024-03-22 00:00:00-04:00,133.80999755859375,136.10000610351562,132.5,134.14999389648438,6999600
2024-03-25 00:00:00-04:00,137.15499877929688,143.75,137.14999389648438,138.30999755859375,12928900
2024-03-26 00:00:00-04:00,141.10000610351562,145.0,126.91000366210938,127.95999908447266,21244500
2024-03-27 00:00:00-04:00,130.0,130.86000061035156,122.83000183105469,125.62000274658203,11317900
2024-03-28 00:00:00-04:00,125.68000030517578,128.32000732421875,124.16000366210938,124.98999786376953,7385800
2024-04-01 00:00:00-04:00,126.36000061035156,128.72999572753906,124.64099884033203,126.91000366210938,5011900
2024-04-02 00:00:00-04:00,125.19999694824219,125.62999725341797,121.12000274658203,124.27999877929688,5042800
2024-04-03 00:00:00-04:00,123.0,125.9800033569336,122.62000274658203,125.30999755859375,3876000
2024-04-04 00:00:00-04:00,126.5,127.9800033569336,121.81999969482422,122.01000213623047,5477300
2024-04-05 00:00:00-04:00,122.5999984741211,125.72000122070312,120.0199966430664,124.81999969482422,4537600
2024-04-08 00:00:00-04:00,124.81999969482422,130.5,123.38999938964844,129.25,6943900
2024-04-09 00:00:00-04:00,133.50999450683594,135.41000366210938,124.5,126.80999755859375,12997200
2024-04-10 00:00:00-04:00,124.98999786376953,127.5999984741211,123.8949966430664,125.18000030517578,4974500
2024-04-11 00:00:00-04:00,126.0,131.1999969482422,125.51000213623047,131.1300048828125,6139100
2024-04-12 00:00:00-04:00,128.99000549316406,130.33900451660156,125.37000274658203,126.33000183105469,4950900
2024-04-15 00:00:00-04:00,126.19999694824219,126.87000274658203,120.94999694824219,122.31999969482422,5003300
2024-04-16 00:00:00-04:00,122.0,124.23999786376953,120.91000366210938,122.22000122070312,4071500
2024-04-17 00:00:00-04:00,121.87000274658203,122.68199920654297,107.01000213623047,107.55999755859375,19639200
2024-04-18 00:00:00-04:00,106.31999969482422,107.2959976196289,102.58000183105469,104.91999816894531,11961200
2024-04-19 00:00:00-04:00,100.0,103.01000213623047,85.61000061035156,87.19000244140625,29439000
2024-04-22 00:00:00-04:00,89.94000244140625,94.31500244140625,89.05999755859375,93.11000061035156,15199500
2024-04-23 00:00:00-04:00,97.31999969482422,98.37000274658203,95.05000305175781,96.04000091552734,11212400
2024-04-24 00:00:00-04:00,102.0,103.75,97.23999786376953,99.87999725341797,11697800
2024-04-25 00:00:00-04:00,96.05000305175781,99.66999816894531,95.5,97.93000030517578,6140800
2024-04-26 00:00:00-04:00,101.4000015258789,102.30000305175781,98.22000122070312,101.94999694824219,5651700
2024-04-29 00:00:00-04:00,102.19999694824219,103.4000015258789,99.05000305175781,103.23999786376953,4009200
2024-04-30 00:00:00-04:00,103.0199966430664,105.19400024414062,100.8499984741211,101.20999908447266,3783700
2024-05-01 00:00:00-04:00,99.9800033569336,100.5999984741211,95.23999786376953,95.29000091552734,6090500
2024-05-02 00:00:00-04:00,98.98999786376953,100.30000305175781,96.12999725341797,98.0,4117400
2024-05-03 00:00:00-04:00,101.62000274658203,104.36000061035156,100.4489974975586,101.69999694824219,5780200
2024-05-06 00:00:00-04:00,103.81999969482422,107.91999816894531,103.59500122070312,106.9800033569336,7489200
2024-05-07 00:00:00-04:00,109.30000305175781,109.69000244140625,106.54000091552734,107.80000305175781,8187300
2024-05-08 00:00:00-04:00,107.80000305175781,109.94000244140625,104.6500015258789,106.06999969482422,15211300
2024-05-09 00:00:00-04:00,99.2699966430664,106.9000015258789,97.76000213623047,103.58999633789062,29441200
2024-05-10 00:00:00-04:00,106.19999694824219,110.37200164794922,106.19999694824219,108.83999633789062,15281000
2024-05-13 00:00:00-04:00,114.0,117.58000183105469,110.86000061035156,117.2300033569336,16402500
2024-05-14 00:00:00-04:00,115.81999969482422,117.41000366210938,114.3499984741211,116.6500015258789,8046100
2024-05-15 00:00:00-04:00,118.4000015258789,118.5,112.51599884033203,113.66999816894531,9544300
2024-05-16 00:00:00-04:00,115.69000244140625,116.875,113.88999938964844,114.2699966430664,6446300
2024-05-17 00:00:00-04:00,115.5999984741211,115.68000030517578,109.61000061035156,110.3499984741211,7523300
2024-05-20 00:00:00-04:00,111.0,111.33000183105469,108.69000244140625,110.45999908447266,5260800
2024-05-21 00:00:00-04:00,110.0,115.77899932861328,109.5,114.7699966430664,10468800
2024-05-22 00:00:00-04:00,115.01000213623047,117.36100006103516,111.6500015258789,112.43000030517578,8406900
2024-05-23 00:00:00-04:00,117.0,117.33000183105469,110.37999725341797,112.52999877929688,8450600
2024-05-24 00:00:00-04:00,112.7699966430664,115.55999755859375,111.5999984741211,114.63999938964844,4736000
2024-05-28 00:00:00-04:00,115.45500183105469,125.9800033569336,115.31999969482422,124.94000244140625,16202700
2024-05-29 00:00:00-04:00,123.69999694824219,123.69999694824219,119.05000305175781,120.6500015258789,8166800
2024-05-30 00:00:00-04:00,121.80000305175781,123.5,117.7699966430664,120.7300033569336,6763400
2024-05-31 00:00:00-04:00,119.91999816894531,123.87999725341797,116.01000213623047,120.5199966430664,9110400
2024-06-03 00:00:00-04:00,125.0,129.85000610351562,122.54000091552734,127.12000274658203,11447900
2024-06-04 00:00:00-04:00,126.875,127.66999816894531,122.88999938964844,125.86000061035156,6879800
2024-06-05 00:00:00-04:00,126.83000183105469,136.85000610351562,126.72000122070312,136.6699981689453,12612300
2024-06-06 00:00:00-04:00,134.7899932861328,138.41000366210938,132.41000366210938,137.125,8874500
2024-06-07 00:00:00-04:00,136.92999267578125,140.97000122070312,135.30999755859375,136.57000732421875,6610100
2024-06-10 00:00:00-04:00,134.78500366210938,142.08999633789062,132.5,139.91000366210938,8872700
2024-06-11 00:00:00-04:00,139.0800018310547,147.5,139.0,143.9199981689453,11434800
2024-06-12 00:00:00-04:00,146.0,158.7100067138672,145.1999969482422,155.58999633789062,17284300
2024-06-13 00:00:00-04:00,157.3350067138672,161.49000549316406,150.6699981689453,158.0500030517578,15371900
2024-06-14 00:00:00-04:00,159.89999389648438,167.69000244140625,153.5,157.88999938964844,22260000
2024-06-17 00:00:00-04:00,160.1699981689453,162.6999969482422,153.6199951171875,160.2899932861328,12826900
2024-06-18 00:00:00-04:00,160.02999877929688,177.30999755859375,159.32000732421875,174.1300048828125,22339100
2024-06-20 00:00:00-04:00,173.1300048828125,173.85000610351562,156.0,160.77000427246094,22162300
2024-06-21 00:00:00-04:00,156.56199645996094,162.1999969482422,151.3730010986328,160.3000030517578,21727700
2024-06-24 00:00:00-04:00,156.8699951171875,157.77000427246094,150.60000610351562,151.07000732421875,9260900
2024-06-25 00:00:00-04:00,151.57000732421875,161.9499969482422,149.5,160.61000061035156,9813900
2024-06-26 00:00:00-04:00,161.6300048828125,166.8000030517578,159.50999450683594,164.72000122070312,11598300
2024-06-27 00:00:00-04:00,162.55599975585938,168.82000732421875,160.7899932861328,166.93499755859375,8980300
2024-06-28 00:00:00-04:00,167.25,170.8800048828125,162.3300018310547,163.6199951171875,7095900
2024-07-01 00:00:00-04:00,163.42999267578125,163.85000610351562,152.5500030517578,158.8300018310547,8387500
2024-07-02 00:00:00-04:00,156.85000610351562,163.6199951171875,155.27000427246094,163.4600067138672,5753500
2024-07-03 00:00:00-04:00,162.4199981689453,170.66000366210938,159.30999755859375,168.24000549316406,6649300
2024-07-05 00:00:00-04:00,172.0,182.64999389648438,169.60000610351562,181.19000244140625,14231300
2024-07-08 00:00:00-04:00,181.0399932861328,186.3800048828125,179.51499938964844,184.6999969482422,9516800
2024-07-09 00:00:00-04:00,186.10000610351562,188.75,179.11000061035156,182.27999877929688,9236900
2024-07-10 00:00:00-04:00,183.38999938964844,187.47000122070312,178.5,186.4600067138672,6986400
2024-07-11 00:00:00-04:00,186.83999633789062,187.27999877929688,173.02999877929688,173.19000244140625,10662200
2024-07-12 00:00:00-04:00,174.07000732421875,183.0500030517578,173.5,181.17999267578125,8999700
2024-07-15 00:00:00-04:00,182.11000061035156,183.74000549316406,176.86000061035156,177.52999877929688,5469500
2024-07-16 00:00:00-04:00,180.0,180.9499969482422,172.5399932861328,178.77000427246094,5767500
2024-07-17 00:00:00-04:00,169.97999572753906,172.36000061035156,161.52999877929688,161.6999969482422,12350600
2024-07-18 00:00:00-04:00,165.85000610351562,166.66000366210938,152.22000122070312,158.3300018310547,10996300
2024-07-19 00:00:00-04:00,162.85000610351562,165.0500030517578,160.6300048828125,163.39999389648438,7106800
2024-07-22 00:00:00-04:00,165.47000122070312,168.7899932861328,162.67999267578125,163.5500030517578,6179100
2024-07-23 00:00:00-04:00,163.24000549316406,173.22999572753906,161.8699951171875,171.6999969482422,8036800
2024-07-24 00:00:00-04:00,167.14999389648438,167.14999389648438,157.17999267578125,157.67999267578125,9321100
2024-07-25 00:00:00-04:00,151.67999267578125,155.6300048828125,140.0,149.13999938964844,15996000
2024-07-26 00:00:00-04:00,155.36000061035156,155.50999450683594,145.61000061035156,149.0,8156200
2024-07-29 00:00:00-04:00,146.3800048828125,149.9499969482422,138.7100067138672,141.44000244140625,9603100
2024-07-30 00:00:00-04:00,140.72999572753906,142.07000732421875,129.10000610351562,132.9600067138672,11738900
2024-07-31 00:00:00-04:00,143.41000366210938,145.47999572753906,138.94000244140625,144.1699981689453,16513000
2024-08-01 00:00:00-04:00,128.7100067138672,134.8699951171875,118.18000030517578,121.51000213623047,31205200
2024-08-02 00:00:00-04:00,114.73999786376953,115.62999725341797,108.7300033569336,113.44999694824219,14670000
2024-08-05 00:00:00-04:00,98.5,113.5,96.66000366210938,110.44999694824219,15552600
2024-08-06 00:00:00-04:00,115.52999877929688,117.97000122070312,109.5,113.38999938964844,11425000
2024-08-07 00:00:00-04:00,117.80000305175781,120.08999633789062,106.52999877929688,107.08999633789062,13228500
2024-08-08 00:00:00-04:00,111.80000305175781,118.68000030517578,107.94000244140625,118.43000030517578,9931700
2024-08-09 00:00:00-04:00,118.9800033569336,120.29000091552734,115.7699966430664,117.0,6421300
2024-08-12 00:00:00-04:00,117.66000366210938,122.0,115.31999969482422,117.12999725341797,6345200
2024-08-13 00:00:00-04:00,119.69999694824219,125.69999694824219,118.30000305175781,123.79000091552734,8894400
2024-08-14 00:00:00-04:00,128.82000732421875,130.6999969482422,123.79000091552734,125.91999816894531,11101700
2024-08-15 00:00:00-04:00,129.75999450683594,132.0500030517578,128.42999267578125,130.44000244140625,8011300
2024-08-16 00:00:00-04:00,131.1999969482422,133.10000610351562,129.8000030517578,130.3000030517578,6100600
2024-08-19 00:00:00-04:00,130.6199951171875,132.44000244140625,126.29000091552734,132.30999755859375,6272100
2024-08-20 00:00:00-04:00,132.21499633789062,135.60000610351562,128.02000427246094,129.9499969482422,5847700
2024-08-21 00:00:00-04:00,131.41000366210938,131.4600067138672,127.79000091552734,131.1999969482422,6235300
2024-08-22 00:00:00-04:00,132.42999267578125,133.6300048828125,128.5500030517578,129.72000122070312,4736300
2024-08-23 00:00:00-04:00,130.0,138.0500030517578,129.74000549316406,135.6300048828125,7286800
2024-08-26 00:00:00-04:00,134.5050048828125,135.3000030517578,127.36000061035156,128.89999389648438,6042300
2024-08-27 00:00:00-04:00,127.46499633789062,131.6199951171875,125.48999786376953,131.1999969482422,4241400
2024-08-28 00:00:00-04:00,130.0,131.3000030517578,121.87999725341797,125.31999969482422,7388100
2024-08-29 00:00:00-04:00,125.5,134.94000244140625,125.37000274658203,131.92999267578125,9715200
2024-08-30 00:00:00-04:00,133.32000732421875,137.10000610351562,131.83999633789062,132.8800048828125,4763100
2024-09-03 00:00:00-04:00,129.86500549316406,130.38999938964844,122.04000091552734,123.73999786376953,6382500
2024-09-04 00:00:00-04:00,121.69999694824219,123.4000015258789,117.41999816894531,120.94999694824219,6041600
2024-09-05 00:00:00-04:00,118.80000305175781,124.46700286865234,118.62999725341797,123.08999633789062,4660200
2024-09-06 00:00:00-04:00,122.00399780273438,122.16500091552734,114.91000366210938,117.29000091552734,6770000
2024-09-09 00:00:00-04:00,122.63500213623047,126.23999786376953,120.08000183105469,125.54000091552734,7321500
2024-09-10 00:00:00-04:00,128.0449981689453,128.4669952392578,123.02200317382812,127.22000122070312,4896200
2024-09-11 00:00:00-04:00,129.1999969482422,140.6300048828125,128.1790008544922,140.32000732421875,11056800
2024-09-12 00:00:00-04:00,136.32000732421875,141.3800048828125,135.6999969482422,139.17999267578125,6990600
2024-09-13 00:00:00-04:00,142.0,149.92999267578125,141.3699951171875,147.3699951171875,10883300
2024-09-16 00:00:00-04:00,143.0,143.75999450683594,136.5500030517578,138.39999389648438,9734700
2024-09-17 00:00:00-04:00,140.39999389648438,142.5,136.27999877929688,136.83999633789062,5117900
2024-09-18 00:00:00-04:00,137.0,143.10000610351562,136.6999969482422,138.36000061035156,6306300
2024-09-19 00:00:00-04:00,144.99000549316406,147.4199981689453,140.13999938964844,140.58999633789062,7689000
2024-09-20 00:00:00-04:00,140.0,140.85000610351562,137.41000366210938,138.89999389648438,7362000
2024-09-23 00:00:00-04:00,139.9600067138672,143.60000610351562,139.8000030517578,141.72000122070312,4567100
2024-09-24 00:00:00-04:00,142.27999877929688,144.697998046875,139.72000122070312,143.3000030517578,4907700
2024-09-25 00:00:00-04:00,143.3000030517578,149.74000549316406,143.16000366210938,146.42999267578125,6406100
2024-09-26 00:00:00-04:00,152.0,152.38999938964844,144.0,149.16000366210938,7025500
2024-09-27 00:00:00-04:00,150.0,150.75,144.3000030517578,145.5800018310547,4375100
2024-09-30 00:00:00-04:00,140.9600067138672,145.0,140.6199951171875,143.00999450683594,4028300
2024-10-01 00:00:00-04:00,142.83999633789062,144.38999938964844,135.85000610351562,136.0800018310547,6028100
2024-10-02 00:00:00-04:00,136.61000061035156,139.3000030517578,132.8000030517578,137.02999877929688,3884400
2024-10-03 00:00:00-04:00,136.22999572753906,141.44000244140625,136.0,138.24000549316406,3035400
2024-10-04 00:00:00-04:00,141.1999969482422,142.0,137.60000610351562,140.5500030517578,3756700
2024-10-07 00:00:00-04:00,139.47999572753906,144.88999938964844,139.11000061035156,141.33999633789062,4763700
2024-10-08 00:00:00-04:00,141.55999755859375,144.25,140.8820037841797,143.60000610351562,3690500
2024-10-09 00:00:00-04:00,144.77000427246094,148.63999938964844,142.14999389648438,148.42999267578125,5476100
2024-10-10 00:00:00-04:00,146.24000549316406,152.0,145.02000427246094,149.3300018310547,4341700
2024-10-11 00:00:00-04:00,149.10000610351562,152.3000030517578,148.3000030517578,151.4600067138672,3399000
2024-10-14 00:00:00-04:00,153.10000610351562,164.16000366210938,153.10000610351562,161.82000732421875,9073300
2024-10-15 00:00:00-04:00,160.0,160.6199951171875,147.0,150.6699981689453,9584300
2024-10-16 00:00:00-04:00,154.0,155.1999969482422,151.29400634765625,152.5,5052100
2024-10-17 00:00:00-04:00,157.7100067138672,158.8000030517578,154.08999633789062,154.60000610351562,5960000
2024-10-18 00:00:00-04:00,155.56500244140625,155.74000549316406,151.9600067138672,153.02999877929688,3404400
2024-10-21 00:00:00-04:00,152.19500732421875,154.11300659179688,149.39999389648438,152.35000610351562,6025900
2024-10-22 00:00:00-04:00,150.4600067138672,152.94000244140625,149.8300018310547,152.5800018310547,2896000
2024-10-23 00:00:00-04:00,147.8000030517578,148.44000244140625,140.6999969482422,142.41000366210938,9708800
2024-10-24 00:00:00-04:00,143.3000030517578,143.58999633789062,138.39999389648438,141.0399932861328,5630300
2024-10-25 00:00:00-04:00,142.0,145.55999755859375,141.5,143.75,4425000
2024-10-28 00:00:00-04:00,145.0,152.5800018310547,144.1999969482422,150.02000427246094,5720600
2024-10-29 00:00:00-04:00,150.0,157.69000244140625,148.27999877929688,157.1699981689453,5317600
2024-10-30 00:00:00-04:00,152.5,155.47799682617188,150.47999572753906,154.39999389648438,3784800
2024-10-31 00:00:00-04:00,145.25999450683594,146.22999572753906,140.25,141.3000030517578,7431900
2024-11-01 00:00:00-04:00,144.1699981689453,146.77999877929688,140.6199951171875,141.47999572753906,4716100
2024-11-04 00:00:00-05:00,140.0,142.5,137.2899932861328,137.52999877929688,3263600
2024-11-05 00:00:00-05:00,139.0,141.3000030517578,138.3300018310547,140.64999389648438,3635000
2024-11-06 00:00:00-05:00,143.72999572753906,146.05999755859375,141.00999450683594,144.67999267578125,10774400
2024-11-07 00:00:00-05:00,140.0,154.64999389648438,139.50999450683594,150.64999389648438,16365100
2024-11-08 00:00:00-05:00,148.6999969482422,149.1199951171875,144.4199981689453,147.47999572753906,6469800
2024-11-11 00:00:00-05:00,145.9499969482422,145.9499969482422,138.6999969482422,141.96499633789062,7446100
2024-11-12 00:00:00-05:00,141.52000427246094,143.1199951171875,137.3000030517578,139.9199981689453,4307000
2024-11-13 00:00:00-05:00,139.57000732421875,140.53500366210938,135.07000732421875,135.08999633789062,4945300
2024-11-14 00:00:00-05:00,137.25,138.79200744628906,134.8000030517578,136.35000610351562,4069500
2024-11-15 00:00:00-05:00,133.1699981689453,133.3000030517578,126.80999755859375,128.72999572753906,7740300
2024-11-18 00:00:00-05:00,127.5,130.11000061035156,126.35600280761719,128.66000366210938,5706800
2024-11-19 00:00:00-05:00,128.5,133.6999969482422,127.88999938964844,133.05999755859375,4051600
2024-11-20 00:00:00-05:00,131.02000427246094,133.77000427246094,130.0760040283203,133.6999969482422,3913500
2024-11-21 00:00:00-05:00,136.25,138.1999969482422,131.1300048828125,133.13999938964844,4127600
2024-11-22 00:00:00-05:00,132.0,136.27000427246094,131.4499969482422,135.99000549316406,3330300
2024-11-25 00:00:00-05:00,138.6699981689453,142.24000549316406,138.08999633789062,139.67999267578125,4745700
2024-11-26 00:00:00-05:00,139.50999450683594,140.1999969482422,135.60000610351562,136.72000122070312,2605000
2024-11-27 00:00:00-05:00,134.85000610351562,135.35000610351562,129.60000610351562,133.3699951171875,5498100
2024-11-29 00:00:00-05:00,133.0399932861328,137.27999877929688,132.58999633789062,134.2899932861328,2491300
2024-12-02 00:00:00-05:00,134.1999969482422,141.39999389648438,134.1999969482422,140.33999633789062,5504000
2024-12-03 00:00:00-05:00,139.5,142.3000030517578,139.44000244140625,140.3800048828125,3954600
2024-12-04 00:00:00-05:00,142.5,144.5399932861328,141.05999755859375,141.3000030517578,2959800
2024-12-05 00:00:00-05:00,140.86000061035156,142.4600067138672,137.55999755859375,137.9499969482422,4769900
2024-12-06 00:00:00-05:00,138.14500427246094,142.4199981689453,136.6300048828125,140.88999938964844,3394700
2024-12-09 00:00:00-05:00,140.14999389648438,143.1999969482422,136.25999450683594,139.63999938964844,3491700
2024-12-10 00:00:00-05:00,138.64999389648438,140.72000122070312,135.8300018310547,137.2899932861328,2826200
2024-12-11 00:00:00-05:00,137.0,144.30999755859375,136.76499938964844,143.16000366210938,4473100
2024-12-12 00:00:00-05:00,142.0,150.0,140.6999969482422,148.0,7250000
2024-12-13 00:00:00-05:00,151.50999450683594,156.39999389648438,150.9499969482422,151.91000366210938,8140400
2024-12-16 00:00:00-05:00,153.0,153.0,142.0399932861328,145.0,6443800
2024-12-17 00:00:00-05:00,143.61000061035156,144.0,137.82000732421875,142.8000030517578,6373800
2024-12-18 00:00:00-05:00,143.5,146.63999938964844,134.34500122070312,136.55999755859375,4255500
2024-12-19 00:00:00-05:00,137.00999450683594,140.2100067138672,131.9499969482422,132.10000610351562,6153500
2024-12-20 00:00:00-05:00,129.66000366210938,135.7899932861328,128.30299377441406,132.14999389648438,5601400
2024-12-23 00:00:00-05:00,129.88999938964844,130.25,123.26000213623047,126.87000274658203,8531400
2024-12-24 00:00:00-05:00,127.45999908447266,133.11000061035156,127.19999694824219,131.7899932861328,3464200
2024-12-26 00:00:00-05:00,130.89999389648438,133.3000030517578,129.6300048828125,129.69000244140625,2520000
2024-12-27 00:00:00-05:00,128.9949951171875,130.25999450683594,126.69999694824219,129.1999969482422,2801600
2024-12-30 00:00:00-05:00,126.65499877929688,127.70999908447266,124.81999969482422,125.91000366210938,2719300
2024-12-31 00:00:00-05:00,125.5199966430664,126.54000091552734,123.11000061035156,123.36000061035156,2690200
2025-01-02 00:00:00-05:00,124.99500274658203,129.39999389648438,124.99500274658203,128.1999969482422,3747800
2025-01-03 00:00:00-05:00,129.63999938964844,141.4499969482422,129.51499938964844,141.0800018310547,7206800
2025-01-06 00:00:00-05:00,142.7899932861328,150.13999938964844,142.7899932861328,147.41000366210938,7056700
2025-01-07 00:00:00-05:00,147.83999633789062,148.4499969482422,140.1699981689453,144.3800048828125,5602800
2025-01-08 00:00:00-05:00,142.33999633789062,148.25,142.22999572753906,145.1999969482422,3418700
2025-01-10 00:00:00-05:00,140.8000030517578,141.8800048828125,138.02000427246094,140.49000549316406,3156700
2025-01-13 00:00:00-05:00,137.0,138.02000427246094,134.6300048828125,137.07000732421875,3343200
2025-01-14 00:00:00-05:00,139.78500366210938,143.1300048828125,138.0500030517578,140.05999755859375,3240300
2025-01-15 00:00:00-05:00,143.0,148.25,142.8249969482422,147.39999389648438,4849800
2025-01-16 00:00:00-05:00,148.24000549316406,150.00999450683594,144.22999572753906,147.52000427246094,4353400
2025-01-17 00:00:00-05:00,149.1999969482422,151.60000610351562,147.77000427246094,149.25999450683594,4217300
2025-01-21 00:00:00-05:00,149.85000610351562,156.9709930419922,147.00999450683594,155.1999969482422,6807500
2025-01-22 00:00:00-05:00,160.3699951171875,182.8800048828125,159.9499969482422,179.92999267578125,27244400
2025-01-23 00:00:00-05:00,170.38999938964844,170.38999938964844,162.5,166.55999755859375,16494400
2025-01-24 00:00:00-05:00,166.5,168.7259979248047,162.4499969482422,162.52000427246094,6532400
2025-01-27 00:00:00-05:00,148.89999389648438,152.27000427246094,142.3179931640625,145.9600067138672,11715400
2025-01-28 00:00:00-05:00,148.0,150.5,145.9600067138672,149.47000122070312,5572300
2025-01-29 00:00:00-05:00,150.66000366210938,151.75,145.2100067138672,147.60000610351562,2814300
2025-01-30 00:00:00-05:00,150.3000030517578,154.8800048828125,149.5,153.22999572753906,4531900
2025-01-31 00:00:00-05:00,154.0,162.9600067138672,153.5500030517578,159.5500030517578,8002600
2025-02-03 00:00:00-05:00,153.5500030517578,159.36000061035156,152.0,155.64999389648438,4104700
2025-02-04 00:00:00-05:00,157.5,163.64999389648438,155.8000030517578,162.1999969482422,5086000
2025-02-05 00:00:00-05:00,162.94000244140625,173.9499969482422,162.5,173.25999450683594,13248400
2025-02-06 00:00:00-05:00,162.0,170.4499969482422,158.6999969482422,167.47000122070312,11885900
2025-02-07 00:00:00-05:00,166.5,170.73599243164062,160.8699951171875,162.50999450683594,5915100
2025-02-10 00:00:00-05:00,162.9550018310547,163.39999389648438,158.5800018310547,160.83999633789062,3443500
2025-02-11 00:00:00-05:00,160.07000732421875,163.11000061035156,157.28799438476562,157.74000549316406,3108600
2025-02-12 00:00:00-05:00,155.0,157.89999389648438,154.00999450683594,155.41000366210938,3470100
2025-02-13 00:00:00-05:00,154.97000122070312,168.38999938964844,153.8000030517578,164.8300018310547,11433800
2025-02-14 00:00:00-05:00,160.1649932861328,161.343994140625,156.1199951171875,159.5399932861328,6084800
2025-02-18 00:00:00-05:00,160.5,161.14999389648438,155.64999389648438,160.32000732421875,4809700
2025-02-19 00:00:00-05:00,157.55999755859375,160.93600463867188,152.2899932861328,154.36000061035156,5228800
2025-02-20 00:00:00-05:00,153.1999969482422,154.0500030517578,147.52999877929688,150.85000610351562,3866000
2025-02-21 00:00:00-05:00,151.2449951171875,151.99000549316406,143.8000030517578,144.83999633789062,4917000
2025-02-24 00:00:00-05:00,145.05499267578125,145.61199951171875,138.0500030517578,140.52999877929688,3829700
2025-02-25 00:00:00-05:00,139.32000732421875,139.5,133.16000366210938,136.6999969482422,5786300
2025-02-26 00:00:00-05:00,139.42999267578125,141.57000732421875,137.91000366210938,138.97000122070312,3251800
2025-02-27 00:00:00-05:00,142.00999450683594,144.41000366210938,130.14500427246094,130.33999633789062,4799600
2025-02-28 00:00:00-05:00,129.3000030517578,133.97999572753906,127.43000030517578,131.69000244140625,4253800
2025-03-03 00:00:00-05:00,133.0,133.94000244140625,120.06999969482422,121.0999984741211,7356700
2025-03-04 00:00:00-05:00,121.91000366210938,125.91000366210938,117.88999938964844,122.48999786376953,8075700
2025-03-05 00:00:00-05:00,124.625,125.48999786376953,120.36000061035156,124.77999877929688,4601600
2025-03-06 00:00:00-05:00,120.69999694824219,123.4000015258789,117.75,117.91999816894531,5014600
2025-03-07 00:00:00-05:00,118.5199966430664,127.58100128173828,117.5199966430664,125.55000305175781,6537600
2025-03-10 00:00:00-04:00,120.5,121.80000305175781,114.37999725341797,116.37999725341797,7267400
2025-03-11 00:00:00-04:00,116.0,118.5,110.25,111.48999786376953,8069200
2025-03-12 00:00:00-04:00,116.0,117.9800033569336,112.0,112.69999694824219,5291200
2025-03-13 00:00:00-04:00,114.0,114.77999877929688,109.9000015258789,112.05000305175781,4480700
2025-03-14 00:00:00-04:00,115.79000091552734,118.62000274658203,115.20999908447266,117.94000244140625,4573900
2025-03-17 00:00:00-04:00,118.05999755859375,123.69999694824219,118.05500030517578,121.37000274658203,3444900
2025-03-18 00:00:00-04:00,120.55999755859375,120.64800262451172,116.36000061035156,119.72000122070312,3138800
2025-03-19 00:00:00-04:00,119.44000244140625,120.48999786376953,116.24400329589844,117.91000366210938,3729600
2025-03-20 00:00:00-04:00,116.81999969482422,120.44000244140625,115.80999755859375,119.06999969482422,2335200
2025-03-21 00:00:00-04:00,116.375,119.43000030517578,115.5,119.06999969482422,2552400
2025-03-24 00:00:00-04:00,122.05999755859375,126.2699966430664,122.0,124.8499984741211,4314300
2025-03-25 00:00:00-04:00,124.91999816894531,125.5,123.0999984741211,124.27999877929688,1887300
2025-03-26 00:00:00-04:00,123.0,123.44999694824219,114.16999816894531,114.93000030517578,4881200
2025-03-27 00:00:00-04:00,114.0,114.04000091552734,109.25,112.47000122070312,4203100
2025-03-28 00:00:00-04:00,111.5,113.1760025024414,106.7300033569336,107.80000305175781,4624100
2025-03-31 00:00:00-04:00,104.0,106.93000030517578,101.36399841308594,106.79000091552734,4662700
2025-04-01 00:00:00-04:00,105.72000122070312,108.47000122070312,103.58000183105469,106.9800033569336,4236100
2025-04-02 00:00:00-04:00,104.37999725341797,110.13500213623047,104.37999725341797,108.13999938964844,2350600
2025-04-03 00:00:00-04:00,101.16000366210938,103.23999786376953,97.33000183105469,97.72000122070312,8088100
2025-04-04 00:00:00-04:00,91.6500015258789,95.37999725341797,84.38999938964844,87.70999908447266,12486000
2025-04-07 00:00:00-04:00,80.91999816894531,94.13999938964844,80.0,88.62999725341797,9081700
2025-04-08 00:00:00-04:00,94.375,96.55000305175781,84.11699676513672,85.81999969482422,8447500
2025-04-09 00:00:00-04:00,85.61499786376953,107.94000244140625,85.19000244140625,106.58999633789062,13935100
2025-04-10 00:00:00-04:00,98.9000015258789,102.0,95.34500122070312,100.45999908447266,8620900
2025-04-11 00:00:00-04:00,100.0,105.66500091552734,98.802001953125,103.98999786376953,6481200
2025-04-14 00:00:00-04:00,108.20999908447266,109.45999908447266,102.86000061035156,105.05999755859375,3674700
2025-04-15 00:00:00-04:00,104.80999755859375,106.31400299072266,102.66000366210938,103.80000305175781,3092100
2025-04-16 00:00:00-04:00,98.0,101.70999908447266,97.8949966430664,101.0,4881700
2025-04-17 00:00:00-04:00,102.26000213623047,102.26000213623047,98.83999633789062,100.7300033569336,3124900
2025-04-21 00:00:00-04:00,99.79000091552734,100.2300033569336,95.31999969482422,96.83000183105469,4231800
2025-04-22 00:00:00-04:00,98.22000122070312,101.84700012207031,97.90399932861328,100.55000305175781,3808500
2025-04-23 00:00:00-04:00,106.4000015258789,109.86000061035156,104.66999816894531,105.16000366210938,5140700
2025-04-24 00:00:00-04:00,107.36000061035156,112.5,106.9800033569336,112.01000213623047,5047600
2025-04-25 00:00:00-04:00,112.0,114.83000183105469,110.55999755859375,113.33999633789062,3908400
2025-04-28 00:00:00-04:00,112.52999877929688,114.18000030517578,110.01000213623047,112.08000183105469,3241300
2025-04-29 00:00:00-04:00,112.5999984741211,113.59100341796875,111.48999786376953,111.6500015258789,1954000
2025-04-30 00:00:00-04:00,108.59500122070312,114.23999786376953,107.54000091552734,114.05000305175781,3737400
2025-05-01 00:00:00-04:00,117.0,119.57099914550781,115.2300033569336,115.4000015258789,6993600
2025-05-02 00:00:00-04:00,118.56999969482422,123.9800033569336,118.45999908447266,123.2699966430664,5132000
2025-05-05 00:00:00-04:00,121.08999633789062,123.43000030517578,120.5,121.94999694824219,3525200
2025-05-06 00:00:00-04:00,118.0,123.58000183105469,118.0,122.44000244140625,4236100
2025-05-07 00:00:00-04:00,123.1050033569336,124.44000244140625,120.19000244140625,124.19000244140625,8972600
2025-05-08 00:00:00-04:00,119.19499969482422,119.80000305175781,114.33000183105469,116.5199966430664,15725300
2025-05-09 00:00:00-04:00,117.55999755859375,118.81999969482422,114.80000305175781,115.80000305175781,5364800
2025-05-12 00:00:00-04:00,121.63500213623047,125.44999694824219,121.30000305175781,124.80999755859375,7552600
2025-05-13 00:00:00-04:00,125.0,128.89999389648438,124.19999694824219,126.68000030517578,7630700
2025-05-14 00:00:00-04:00,128.97000122070312,134.97000122070312,128.80999755859375,133.4499969482422,8876000
2025-05-15 00:00:00-04:00,133.0050048828125,135.17999267578125,129.0,133.07000732421875,5357900
2025-05-16 00:00:00-04:00,133.35000610351562,136.14999389648438,132.89999389648438,135.9600067138672,4789900
2025-05-19 00:00:00-04:00,130.35499572753906,133.27999877929688,129.52999877929688,132.0500030517578,4195600
2025-05-20 00:00:00-04:00,131.83999633789062,132.0399932861328,129.6999969482422,131.0399932861328,3108500
2025-05-21 00:00:00-04:00,128.9199981689453,135.33999633789062,128.60000610351562,130.4499969482422,4810100
2025-05-22 00:00:00-04:00,129.60000610351562,131.13900756835938,128.95799255371094,129.27999877929688,2366200
2025-05-23 00:00:00-04:00,126.13999938964844,127.66000366210938,124.9000015258789,127.18000030517578,2966800
2025-05-27 00:00:00-04:00,130.0500030517578,135.99000549316406,129.72999572753906,133.9600067138672,5507500
2025-05-28 00:00:00-04:00,134.8249969482422,138.5,133.9499969482422,135.5399932861328,5937400
2025-05-29 00:00:00-04:00,138.5,138.58999633789062,126.75,128.10000610351562,7425900
2025-05-30 00:00:00-04:00,127.61000061035156,127.80000305175781,121.55999755859375,124.54000091552734,5786600
2025-06-02 00:00:00-04:00,124.80000305175781,127.4800033569336,123.58799743652344,126.05500030517578,3297500
2025-06-03 00:00:00-04:00,127.52999877929688,130.63999938964844,126.93000030517578,128.77999877929688,3445700
2025-06-04 00:00:00-04:00,129.39999389648438,130.68499755859375,127.33000183105469,130.36000061035156,2473400
2025-06-05 00:00:00-04:00,131.08999633789062,134.25,128.49000549316406,129.5500030517578,3549800
2025-06-06 00:00:00-04:00,129.92999267578125,135.16000366210938,129.92999267578125,133.11000061035156,3212500
2025-06-09 00:00:00-04:00,135.0,141.32000732421875,134.82000732421875,138.61000061035156,6864600
2025-06-10 00:00:00-04:00,138.8000030517578,141.5800018310547,135.8699951171875,140.6300048828125,4544100
2025-06-11 00:00:00-04:00,140.99000549316406,144.3000030517578,138.9409942626953,140.3800048828125,3594100
2025-06-12 00:00:00-04:00,137.44000244140625,140.6300048828125,137.2100067138672,138.6199951171875,3244800
2025-06-13 00:00:00-04:00,135.80999755859375,138.52000427246094,134.57000732421875,135.5500030517578,3307700
2025-06-16 00:00:00-04:00,137.25,143.5800018310547,137.25,142.0399932861328,4166300
2025-06-17 00:00:00-04:00,140.8300018310547,149.25,140.5,144.72000122070312,5883200
2025-06-18 00:00:00-04:00,145.16000366210938,147.97999572753906,143.17999267578125,146.0500030517578,3638400
2025-06-20 00:00:00-04:00,146.7050018310547,148.47999572753906,143.25999450683594,145.0399932861328,3798300
2025-06-23 00:00:00-04:00,143.0,149.58999633789062,142.60000610351562,149.3300018310547,4742300
2025-06-24 00:00:00-04:00,151.0,157.22999572753906,150.89999389648438,156.41000366210938,5587300
2025-06-25 00:00:00-04:00,157.11000061035156,159.8800048828125,156.67999267578125,157.30999755859375,4751000
2025-06-26 00:00:00-04:00,158.53500366210938,160.39999389648438,157.2449951171875,158.14999389648438,4519600
2025-06-27 00:00:00-04:00,159.0,166.36000061035156,158.75999450683594,165.4600067138672,7495500
2025-06-30 00:00:00-04:00,166.96499633789062,168.30999755859375,161.2220001220703,161.74000549316406,5531600
2025-07-01 00:00:00-04:00,160.0,161.75,153.51699829101562,156.3300018310547,6369800
2025-07-02 00:00:00-04:00,154.2050018310547,155.24000549316406,152.02999877929688,154.6300048828125,5027700
2025-07-03 00:00:00-04:00,155.86000061035156,157.4199981689453,154.16000366210938,155.08999633789062,2499300
2025-07-07 00:00:00-04:00,154.0,154.0,145.39999389648438,146.8800048828125,6964800
2025-07-08 00:00:00-04:00,148.92999267578125,150.0,147.0500030517578,147.7899932861328,4150300
2025-07-09 00:00:00-04:00,149.58999633789062,152.77999877929688,147.8000030517578,148.02000427246094,3848500
2025-07-10 00:00:00-04:00,149.0,149.0,145.6179962158203,148.5500030517578,3645400
2025-07-11 00:00:00-04:00,146.67999267578125,151.10000610351562,144.27999877929688,145.94000244140625,3954200
2025-07-14 00:00:00-04:00,145.94000244140625,145.9600067138672,140.6999969482422,144.5399932861328,5882800
2025-07-15 00:00:00-04:00,148.375,150.14999389648438,146.35000610351562,147.11000061035156,4182200
2025-07-16 00:00:00-04:00,151.3249969482422,155.0399932861328,148.2100067138672,153.89999389648438,7441300
2025-07-17 00:00:00-04:00,157.11000061035156,159.5,153.5399932861328,157.17999267578125,4891500
2025-07-18 00:00:00-04:00,158.5,161.9499969482422,156.38499450683594,156.74000549316406,4869500
2025-07-21 00:00:00-04:00,159.14999389648438,164.5800018310547,158.18899536132812,161.9199981689453,5462800
2025-07-22 00:00:00-04:00,161.0,162.1320037841797,153.24000549316406,156.5,5167900
2025-07-23 00:00:00-04:00,156.9600067138672,159.75,155.71400451660156,159.27999877929688,3398600
2025-07-24 00:00:00-04:00,160.0,161.75,157.89999389648438,159.99000549316406,2228400
2025-07-25 00:00:00-04:00,160.0,164.5800018310547,159.13999938964844,163.1699981689453,3151900
2025-07-28 00:00:00-04:00,165.02000427246094,166.8800048828125,162.03700256347656,164.3699951171875,4027900
2025-07-29 00:00:00-04:00,164.0,166.2480010986328,160.77999877929688,163.47000122070312,3546500
2025-07-30 00:00:00-04:00,162.32000732421875,165.25,161.36000061035156,163.3249969482422,4885300
2025-07-31 00:00:00-04:00,148.35000610351562,149.0,139.11000061035156,141.375,22624900
2025-08-01 00:00:00-04:00,137.9949951171875,140.05999755859375,135.25,137.5800018310547,7673400
2025-08-04 00:00:00-04:00,140.10000610351562,140.61000061035156,138.25,140.0500030517578,4866900
2025-08-05 00:00:00-04:00,140.5,140.8800048828125,135.2100067138672,137.22999572753906,4384600
2025-08-06 00:00:00-04:00,137.41000366210938,137.8000030517578,135.00999450683594,136.1199951171875,3241000
2025-08-07 00:00:00-04:00,137.77000427246094,139.67999267578125,134.61000061035156,135.57000732421875,4269200
2025-08-08 00:00:00-04:00,136.6699981689453,139.4499969482422,135.36000061035156,138.5,3483700
2025-08-11 00:00:00-04:00,139.52000427246094,146.42999267578125,139.25,141.0500030517578,5673400
2025-08-12 00:00:00-04:00,142.85000610351562,143.0,140.4199981689453,142.38999938964844,3996500
2025-08-13 00:00:00-04:00,143.4499969482422,145.1999969482422,141.38999938964844,141.60000610351562,3335800
2025-08-14 00:00:00-04:00,140.2899932861328,140.67999267578125,138.27000427246094,140.5500030517578,4927800
2025-08-15 00:00:00-04:00,140.5500030517578,141.77999877929688,137.77000427246094,138.91000366210938,3434500
2025-08-18 00:00:00-04:00,137.91000366210938,141.50999450683594,137.52999877929688,141.05999755859375,2892900
2025-08-19 00:00:00-04:00,140.92999267578125,142.8000030517578,133.6999969482422,134.00999450683594,4751600
2025-08-20 00:00:00-04:00,132.6999969482422,133.1300048828125,127.02999877929688,131.16000366210938,5838700
2025-08-21 00:00:00-04:00,130.88999938964844,133.6300048828125,130.2100067138672,133.27999877929688,4107200
2025-08-22 00:00:00-04:00,133.0,140.35000610351562,132.67999267578125,137.9199981689453,4041500
2025-08-25 00:00:00-04:00,138.2949981689453,139.0,136.0,137.77999877929688,1870900
2025-08-26 00:00:00-04:00,138.33999633789062,141.41000366210938,137.85000610351562,140.25999450683594,2515400
2025-08-27 00:00:00-04:00,140.27000427246094,141.9600067138672,138.8300018310547,140.66000366210938,2499500
2025-08-28 00:00:00-04:00,140.60000610351562,143.8000030517578,139.7570037841797,142.5500030517578,2882900
2025-08-29 00:00:00-04:00,140.6699981689453,140.77999877929688,137.30999755859375,138.30999755859375,3616000
2025-09-02 00:00:00-04:00,133.6199951171875,134.88999938964844,130.41000366210938,132.33999633789062,5833700
2025-09-03 00:00:00-04:00,133.64999389648438,134.10000610351562,130.7100067138672,131.4199981689453,3202100
2025-09-04 00:00:00-04:00,131.13499450683594,136.11500549316406,130.25999450683594,135.47999572753906,3274900
2025-09-05 00:00:00-04:00,138.0,138.82000732421875,135.35000610351562,138.1699981689453,2822400
2025-09-08 00:00:00-04:00,138.7100067138672,141.14999389648438,138.13999938964844,139.13999938964844,2573100
2025-09-09 00:00:00-04:00,139.13999938964844,141.73899841308594,139.10000610351562,140.8000030517578,2083400
2025-09-10 00:00:00-04:00,143.3000030517578,154.5,142.8000030517578,154.13999938964844,11219700
2025-09-11 00:00:00-04:00,152.85000610351562,158.88999938964844,152.85000610351562,154.6999969482422,6342200
2025-09-12 00:00:00-04:00,155.24000549316406,155.5500030517578,149.02000427246094,150.63999938964844,3605200
2025-09-15 00:00:00-04:00,151.25,154.97799682617188,151.02499389648438,153.86000061035156,2570400
2025-09-16 00:00:00-04:00,153.75999450683594,155.8000030517578,152.3459930419922,153.85000610351562,2385300
2025-09-17 00:00:00-04:00,153.0,154.65899658203125,150.10000610351562,153.3699951171875,2500000
2025-09-18 00:00:00-04:00,147.2100067138672,149.24000549316406,142.0,146.5399932861328,12215000
2025-09-19 00:00:00-04:00,145.80499267578125,145.80499267578125,142.3800048828125,142.91000366210938,8770200
2025-09-22 00:00:00-04:00,142.14999389648438,145.5500030517578,141.35000610351562,144.47999572753906,4705800
2025-09-23 00:00:00-04:00,145.41000366210938,146.16000366210938,140.27999877929688,140.99000549316406,4823900
2025-09-24 00:00:00-04:00,142.14999389648438,146.0,141.30999755859375,144.3000030517578,4545700
2025-09-25 00:00:00-04:00,141.5,142.8000030517578,138.0,140.64999389648438,4312200
2025-09-26 00:00:00-04:00,141.0,141.0800018310547,137.6199951171875,139.6199951171875,3757100
2025-09-29 00:00:00-04:00,141.22000122070312,142.3000030517578,139.33999633789062,139.8000030517578,2988900
2025-09-30 00:00:00-04:00,139.89500427246094,141.67999267578125,138.49000549316406,141.49000549316406,2550700
2025-10-01 00:00:00-04:00,142.41000366210938,151.25,142.36000061035156,150.3800048828125,7886800
2025-10-02 00:00:00-04:00,150.85000610351562,152.5,149.41000366210938,152.14500427246094,3573100
2025-10-03 00:00:00-04:00,152.8800048828125,154.5469970703125,150.66000366210938,152.63999938964844,2533600
2025-10-06 00:00:00-04:00,155.60000610351562,160.5399932861328,154.6490020751953,156.22000122070312,5095900
2025-10-07 00:00:00-04:00,157.0,161.0,154.35000610351562,159.34500122070312,5179100
2025-10-08 00:00:00-04:00,158.5,168.50999450683594,156.5,166.77000427246094,9048800
2025-10-09 00:00:00-04:00,164.50999450683594,171.86000061035156,161.2100067138672,170.66000366210938,8685600
2025-10-10 00:00:00-04:00,170.60000610351562,171.58999633789062,153.22000122070312,154.80999755859375,8384000
2025-10-13 00:00:00-04:00,160.80499267578125,175.0,157.0,171.94000244140625,11188200
2025-10-14 00:00:00-04:00,171.59500122070312,180.33999633789062,167.5399932861328,168.16000366210938,12821200
2025-10-15 00:00:00-04:00,172.05999755859375,174.0,167.10000610351562,170.6699981689453,7692800
2025-10-16 00:00:00-04:00,173.5800018310547,175.97000122070312,168.62600708007812,171.19000244140625,4581200
2025-10-17 00:00:00-04:00,169.72999572753906,169.72999572753906,163.61000061035156,165.61000061035156,4645300
2025-10-20 00:00:00-04:00,167.5,173.0399932861328,167.4149932861328,171.5,3654100
2025-10-21 00:00:00-04:00,170.52999877929688,173.84500122070312,167.05999755859375,169.3800048828125,4776100
2025-10-22 00:00:00-04:00,168.05999755859375,170.8350067138672,160.8520050048828,165.7100067138672,4302300
2025-10-23 00:00:00-04:00,164.55999755859375,169.2899932861328,164.07000732421875,166.60000610351562,2775700
2025-10-24 00:00:00-04:00,170.19000244140625,174.4499969482422,169.66000366210938,170.67999267578125,3665200
2025-10-27 00:00:00-04:00,174.48500061035156,183.16000366210938,174.27000427246094,178.6199951171875,6552400
2025-10-28 00:00:00-04:00,178.00999450683594,179.1199951171875,172.92999267578125,173.08999633789062,3335500
2025-10-29 00:00:00-04:00,175.27000427246094,177.25,169.3699951171875,170.38999938964844,3098300
2025-10-30 00:00:00-04:00,168.6199951171875,168.99899291992188,165.3000030517578,165.4499969482422,2856000
2025-10-31 00:00:00-04:00,168.5,171.8800048828125,166.93499755859375,169.82000732421875,3704400
2025-11-03 00:00:00-05:00,171.3000030517578,173.5399932861328,168.36000061035156,168.67999267578125,2230100
2025-11-04 00:00:00-05:00,162.0,166.13999938964844,160.39999389648438,160.72999572753906,3936600
2025-11-05 00:00:00-05:00,158.74000549316406,164.3300018310547,156.3300018310547,160.19000244140625,6941800
2025-11-06 00:00:00-05:00,167.0,167.47999572753906,155.17999267578125,158.25,7123700
2025-11-07 00:00:00-05:00,154.74000549316406,155.22999572753906,146.2899932861328,152.3800048828125,5794600
2025-11-10 00:00:00-05:00,158.47999572753906,159.31500244140625,154.5500030517578,154.83999633789062,3274200
2025-11-11 00:00:00-05:00,153.0,153.0,146.70199584960938,149.74000549316406,4075300
2025-11-12 00:00:00-05:00,151.07000732421875,152.47999572753906,146.8470001220703,148.75,2602100
2025-11-13 00:00:00-05:00,146.9949951171875,147.63499450683594,138.3800048828125,140.30999755859375,6496000
2025-11-14 00:00:00-05:00,136.91000366210938,143.7449951171875,135.10000610351562,139.77000427246094,3717900
2025-11-17 00:00:00-05:00,139.57000732421875,143.8000030517578,138.19000244140625,140.25999450683594,2977500
2025-11-18 00:00:00-05:00,138.18499755859375,139.5399932861328,133.24000549316406,136.0399932861328,3993000
2025-11-19 00:00:00-05:00,137.60000610351562,138.55999755859375,134.9199981689453,136.99000549316406,3499400
2025-11-20 00:00:00-05:00,142.27999877929688,143.32000732421875,131.85000610351562,132.52999877929688,4609700
2025-11-21 00:00:00-05:00,132.52999877929688,133.27000427246094,125.16999816894531,131.57000732421875,6166800
2025-11-24 00:00:00-05:00,132.8249969482422,136.01499938964844,132.5500030517578,134.7100067138672,3417600
2025-11-25 00:00:00-05:00,132.0,132.5,126.91999816894531,131.44000244140625,4858100
2025-11-26 00:00:00-05:00,133.5,134.64999389648438,132.36000061035156,132.61000061035156,2806700
2025-11-28 00:00:00-05:00,133.7899932861328,135.66000366210938,132.6999969482422,135.55999755859375,1559100
2025-12-01 00:00:00-05:00,133.42999267578125,136.5800018310547,133.0,135.00999450683594,2365000
2025-12-02 00:00:00-05:00,136.02999877929688,139.35000610351562,135.74000549316406,136.47999572753906,2184900
2025-12-03 00:00:00-05:00,137.36000061035156,139.55999755859375,135.80799865722656,139.19000244140625,2152000
2025-12-04 00:00:00-05:00,139.69500732421875,141.39999389648438,138.21800231933594,140.49000549316406,2390200
2025-12-05 00:00:00-05:00,143.2100067138672,144.25,140.49000549316406,141.30999755859375,2445200
2025-12-08 00:00:00-05:00,143.0,143.41400146484375,138.30999755859375,139.77999877929688,2168100
2025-12-09 00:00:00-05:00,139.57000732421875,142.22000122070312,138.36000061035156,141.92999267578125,2303400
2025-12-10 00:00:00-05:00,141.74000549316406,142.8000030517578,140.0,141.52000427246094,1765800
2025-12-11 00:00:00-05:00,137.99000549316406,138.25999450683594,133.0919952392578,136.13999938964844,4227500
2025-12-12 00:00:00-05:00,135.30999755859375,137.0,130.41099548339844,130.88999938964844,3965900
2025-12-15 00:00:00-05:00,126.37999725341797,128.74000549316406,123.1449966430664,124.37000274658203,6924800
2025-12-16 00:00:00-05:00,123.5,124.0,117.83000183105469,121.0999984741211,6198800
2025-12-17 00:00:00-05:00,121.57499694824219,121.63500213623047,112.62999725341797,114.58000183105469,8686600
2025-12-18 00:00:00-05:00,117.12999725341797,118.06500244140625,113.43000030517578,113.51000213623047,5194900
2025-12-19 00:00:00-05:00,114.21499633789062,115.20999908447266,113.41999816894531,114.02999877929688,7854500
2025-12-22 00:00:00-05:00,117.16999816894531,117.20999908447266,112.66999816894531,113.29000091552734,7754300
2025-12-23 00:00:00-05:00,112.72000122070312,112.9000015258789,110.29000091552734,112.0199966430664,7045300
2025-12-24 00:00:00-05:00,112.08999633789062,112.31999969482422,110.58000183105469,111.55000305175781,2160500
2025-12-26 00:00:00-05:00,111.46499633789062,111.5999984741211,110.0999984741211,110.2699966430664,3054300
2025-12-29 00:00:00-05:00,108.7300033569336,111.29000091552734,108.37999725341797,110.51000213623047,3347700
2025-12-30 00:00:00-05:00,111.12999725341797,112.0,110.38999938964844,110.86000061035156,3616900
2025-12-31 00:00:00-05:00,110.66500091552734,111.5999984741211,109.29000091552734,109.30999755859375,3455600
2026-01-02 00:00:00-05:00,112.83000183105469,116.29000091552734,112.83000183105469,114.7300033569336,6711800
2026-01-05 00:00:00-05:00,120.36000061035156,122.5,116.02999877929688,116.11000061035156,6859500
2026-01-06 00:00:00-05:00,117.5199966430664,117.97000122070312,114.98999786376953,115.52999877929688,3290100
2026-01-07 00:00:00-05:00,114.93000030517578,117.19999694824219,113.97000122070312,115.68000030517578,5117600
2026-01-08 00:00:00-05:00,115.81999969482422,116.27999877929688,110.5530014038086,113.08000183105469,4701000
2026-01-09 00:00:00-05:00,113.91000366210938,113.9800033569336,109.5199966430664,111.79000091552734,5292900
2026-01-12 00:00:00-05:00,110.94000244140625,111.61000061035156,109.25,111.13999938964844,4443100
2026-01-13 00:00:00-05:00,108.87000274658203,111.75,105.9000015258789,107.83999633789062,7749400
2026-01-14 00:00:00-05:00,106.37000274658203,106.48999786376953,102.01000213623047,104.98999786376953,7570100
2026-01-15 00:00:00-05:00,108.12999725341797,108.88500213623047,104.94999694824219,105.11000061035156,5775800
2026-01-16 00:00:00-05:00,106.66000366210938,107.95999908447266,105.19000244140625,105.77999877929688,5291100
2026-01-20 00:00:00-05:00,104.86000061035156,110.73999786376953,104.41000366210938,107.16999816894531,7318200
2026-01-21 00:00:00-05:00,111.07499694824219,117.27999877929688,111.07499694824219,113.91999816894531,13666000
2026-01-22 00:00:00-05:00,120.70500183105469,123.5,118.6500015258789,119.19999694824219,14162100
2026-01-23 00:00:00-05:00,120.87999725341797,121.8499984741211,114.58000183105469,116.06999969482422,6814500
2026-01-26 00:00:00-05:00,116.3499984741211,116.44000244140625,114.05999755859375,114.7300033569336,3716600
2026-01-27 00:00:00-05:00,116.15499877929688,117.38999938964844,114.23500061035156,114.87999725341797,4500600
2026-01-28 00:00:00-05:00,115.0,115.77999877929688,109.05999755859375,109.95999908447266,7947400
2026-01-29 00:00:00-05:00,110.05999755859375,110.4000015258789,104.11000061035156,108.43000030517578,6154700
2026-01-30 00:00:00-05:00,107.08999633789062,108.0,105.02999877929688,105.36000061035156,4950700
2026-02-02 00:00:00-05:00,104.58000183105469,108.12000274658203,104.01000213623047,106.93000030517578,5001100
2026-02-03 00:00:00-05:00,108.0,109.36000061035156,101.56999969482422,104.55000305175781,7058000
2026-02-04 00:00:00-05:00,105.0,108.18499755859375,103.0,104.9000015258789,12213700
2026-02-05 00:00:00-05:00,104.4800033569336,115.0999984741211,100.0199966430664,110.87999725341797,24625000
2026-02-06 00:00:00-05:00,112.71499633789062,124.30999755859375,112.52999877929688,123.69999694824219,15023500
